,feat_nn20,feat_nn50,feat_rmssd,feat_nnhr,feat_sdsd,feat_pnn50,feat_pnn20,peak vlf,peak lf,peak hf,norm power lf,norm power hf,power ratio,total power
S21,1023.0,513.0,0.08729764948821858,73.5624990580852,72.08981515337211,0.3706647398843931,0.7391618497109826,0.0166015625,0.1494140625,0.1513671875,52.982178851916686,47.017821148083314,1.1268531284137677,1605.136327742593
S22,405.0,149.0,0.1659247924913282,77.45737968249237,131.03799892407343,0.19176319176319176,0.5212355212355212,0.0244140625,0.0400390625,0.15234375,30.783575114617967,69.21642488538204,0.44474378972322814,5017.0426215922735
S23,290.0,160.0,0.15182813027671618,66.41947623863686,138.99394963060652,0.40609137055837563,0.7360406091370558,0.0244140625,0.126953125,0.1630859375,60.448214626765406,39.5517853732346,1.5283308719527942,3156.2766056955684
S24,632.0,354.0,0.16701543400765348,67.04850942297753,151.52012886299735,0.41893491124260357,0.7479289940828402,0.037109375,0.0400390625,0.162109375,36.16355576509589,63.8364442349041,0.5665032913177611,6978.411313713797
S31,880.0,681.0,0.10988969525714187,55.12576085513915,121.27789090626852,0.6598837209302325,0.8527131782945736,0.015625,0.0791015625,0.3125,38.64838059451637,61.35161940548364,0.6299488256223919,6201.770093152363
S32,477.0,206.0,0.08501766909083579,89.79638822816565,58.93655988456099,0.22366992399565688,0.5179153094462541,0.013671875,0.0400390625,0.171875,48.27449301311605,51.72550698688396,0.9332821624224392,5004.680764828345
S33,291.0,222.0,0.12078754275537773,55.58984406012703,133.00430246485078,0.6548672566371682,0.8584070796460177,0.0205078125,0.103515625,0.162109375,41.21510081003589,58.7848991899641,0.7011171470558928,8315.835017941488
S34,563.0,416.0,0.151058058080814,53.57512166449405,174.11356987724596,0.6162962962962963,0.8340740740740741,0.0126953125,0.140625,0.150390625,51.386547424812235,48.61345257518778,1.0570437749784478,14639.218256263102
